,dBFS,dBFS
,mean,max
time,,
2026-04-08 14:53:20,-21.151389785453933,-0.351074774
